{
    "id": "1",
    "parent_sku": "60300",
    "parent_name": "LICORERA JEBEL",
    "categories": "BAR",
    "sub_categories": "LICORERAS",
    "description": "Licorera de bolsillo con tapa de rosca para evitar derrames. Incluye caja de regalo.",
    "material": "Acero Inoxidable / Curpiel",
    "capacity": "196 ml",
    "dimensions": "10 x 12.5 cm",
    "package_height": "0.21",
    "package_length": "0.64",
    "package_width": "0.35",
    "gross_weight": "11.00",
    "net_weight": "9.00",
    "pieces_per_box": "50",
    "pieces_per_inner": "0",
    "individual_box": "0",
    "inners_per_box": "0",
    "weight_unit": "KG",
    "volume_unit": "CM3",
    "printing_technique": "Laser",
    "printing_area": "7 x 7 cm",
    "parent_images": "https://www.contenidopromo.com/Images/padre/60300.jpg",
    "vector_images": "https://www.contenidopromo.com/Images/vectores/60300.jpg",
    "updated_at": "2025-01-31 21:12:46",
    "variant_sku": "60300 C",
    "variant_name": "LICORERA JEBEL",
    "color": "CAFE",
    "price": "110.65",
    "type": "Outlet",
    "currency": "MXN",
    "size": "",
    "variant_images": "https://www.contenidopromo.com/Images/Items/60300-C.jpg,https://www.contenidopromo.com/Images/Items/60300-C_1.jpg,https://www.contenidopromo.com/Images/Items/60300-C_2.jpg",
    "product_id": "8423534428350",
    "status": "1",
    "warehouse": "GDL"
}